{
  "auc": 0.5270204631631725,
  "f1": 0.0,
  "best_params": {
    "subsample": 1.0,
    "n_estimators": 50,
    "min_samples_split": 10,
    "min_samples_leaf": 30,
    "max_features": "sqrt",
    "max_depth": 8,
    "learning_rate": 0.2
  },
  "feature_importance": {
    "tick_ratio": 0.35728716803095334,
    "depth_ratio": 0.30118014061893267,
    "price_dist": 0.3415326913501141
  },
  "cv_score": 0.5374284634489639,
  "class_distribution": {
    "0": "9670",
    "1": "330"
  },
  "class_ratio": 29.303030303030305
}