{
  "feature_names": [
    "tick_ratio",
    "depth_ratio",
    "price_dist"
  ],
  "feature_count": 3,
  "scaler_mean": [
    -0.0006407950105278633,
    0.002706810612977452,
    -0.01869415334602332
  ],
  "scaler_scale": [
    0.30102366183899626,
    0.20019203995959942,
    1.4870528846676399
  ],
  "creation_timestamp": "2025-05-31T00:49:50.002592"
}